Workbook

Sheet README
A1: PAN-CANCER ANALYSIS INVENTORY WORKBOOK
A3: Purpose: reconstruct the current analytical state of the pan-cancer cohort before defining the minimum analysis set required for the thesis.
A5: Step | B5: Instruction
A6: 1 | B6: Populate Sample_Matrix with one sample per row.
A7: 2 | B7: Keep metadata columns stable; add/remove metadata only when needed.
A8: 3 | B8: Replace AN01–AN30 with the actual pipeline/analysis names.
A9: 4 | B9: Document each analysis in Analysis_Register.
A10: 5 | B10: Use the controlled statuses consistently.
A11: 6 | B11: Use Cohort_Summary to identify coverage and gaps.

Sheet Sample_Matrix
A1: SAMPLE × ANALAYSIS STATUS MATRIX
A2: Sample_ID | B2: Tumor_TAvailablepe | C2: Sample_TAvailablepe | D2: LR-RNA | E2: SR-RNA | F2: LR-WGS | G2: SR-WGS | H2: WES | I2: IP_MHC1 | J2: IP_MHC2 | K2: AN01 | L2: AN02 | M2: AN03 | N2: AN04 | O2: AN05 | P2: AN06 | Q2: AN07 | R2: AN08 | S2: AN09 | T2: AN10 | U2: AN11 | V2: AN12 | W2: AN13 | X2: AN14 | Y2: AN15 | Z2: AN16 | AA2: AN17 | AB2: AN18 | AC2: AN19 | AD2: AN20 | AE2: AN21 | AF2: AN22 | AG2: AN23 | AH2: AN24 | AI2: AN25 | AJ2: AN26 | AK2: AN27 | AL2: AN28 | AM2: AN29 | AN2: AN30
A3: SSL171 | B3: AIN | C3: PDX | D3: Available | E3: Available | F3: Not available | G3: Not available | H3: Not available | I3: Available | J3: Not available
A4: SSL132 | B4: ATLL | C4: Cell pellet | D4: Available | E4: Available | F4: Not available | G4: Not available | H4: Not available | I4: Available | J4: Not available
A5: SSL133 | B5: ATLL | C5: Cell pellet | D5: Available | E5: Available | F5: Not available | G5: Not available | H5: Not available | I5: Available | J5: Not available
A6: SSL58 | B6: BC | C6: PDX | D6: Available | E6: Available | F6: Available | G6: Not available | H6: Not available | I6: Available | J6: Not available
A7: SSL59 | B7: BC | C7: PDX | D7: Available | E7: Available | F7: Not available | G7: Not available | H7: Not available | I7: Available | J7: Not available
A8: SSL137 | B8: BC | C8: Patient tissue | D8: Available | E8: Available | F8: Not available | G8: Available | H8: Available | I8: Available | J8: Not available
A9: SSL44 | B9: BCL | C9: Cell pellet | D9: Available | E9: Available | F9: Not available | G9: Not available | H9: Available | I9: Available | J9: Available
A10: SSL64 | B10: BCL | C10: Cell pellet | D10: Available | E10: Available | F10: Not available | G10: Not available | H10: Available | I10: Available | J10: Available
A11: SSL66 | B11: BCL | C11: Cell pellet | D11: Available | E11: Available | F11: Not available | G11: Not available | H11: Available | I11: Available | J11: Not available
A12: SSL187 | B12: CC | C12: Patient tissue | D12: Available | E12: Available | F12: Not available | G12: Not available | H12: Not available | I12: Available | J12: Available
A13: SSL188 | B13: CC | C13: Patient tissue | D13: Available | E13: Available | F13: Not available | G13: Not available | H13: Not available | I13: Available | J13: Available
A14: SSL189 | B14: CC | C14: Patient tissue | D14: Available | E14: Available | F14: Not available | G14: Not available | H14: Not available | I14: Available | J14: Available
... A87: SSL135 | B87: UVM | C87: Cell pellet | D87: Available | E87: Available | F87: Not available | G87: Not available | H87: Not available | I87: Available | J87: Not available

Sheet Analysis_Register
A1: PAN-CANCER ANALYSIS REGISTER
A2: One row per pipeline/analysis. This is the analytical definition table used to interpret Sample_Matrix.
A3: Analysis_ID | B3: Analysis/Pipeline | C3: Category | D3: Scientific_Question | E3: Required_Input | F3: Expected_Output | G3: Validation_Status | H3: Thesis_Relevance | I3: Notes
A4: AN01 | B4: IsoSplit | C4: LR-RNA | D4: Demultiplex, trim and orient PacBio long-read RNAseq reads | E4: Circular Consensus reads BAM file | F4: Demultiplexed, trimmed and oriented PacBio long-read RNAseq reads | G4: Not Assessed
A5: AN02 | B5: NeoLR-Isoform analysis | C5: LR-RNA | D5: Identify and classify full-length isoforms | E5: Demultiplexed, trimmed and oriented PacBio long-read RNAseq reads | F5: Isoforms structure (GTF) and classifications (TXT) | G5: Not Assessed
A6: AN03 | B6: NeoLR-ORF translation | C6: LR-RNA | D6: Translate the RNA reads to protein using canonical start-stop codons | E6: Demultiplexed, trimmed and oriented PacBio long-read RNAseq reads | F6: Translated reads ORFs (FASTA) | G6: Not Assessed
A7: AN04 | B7: NeoSR-repeat masker | C7: SR-RNA | D7: Identify Repeat Elements from short-read RNA seq reads | E7: Raw reads (FASTQ) | F7: Detected repeat elements (FASTA and TXT) | G7: Not Assessed
A8: AN05 | B8: NeoSR-ORF translation | C8: SR-RNA | D8: Translate the RNA reads to protein using canonical start-stop codons | E8: Raw reads (FASTQ) | F8: Translated reads ORFs (FASTA) | G8: Not Assessed
A9: AN06 | B9: NeoCLR-Isoform analysis | C9: LR-RNA | D9: Identify and classify full-length isoforms using Long-reads corrected with matched short read | E9: SR-RNA raw reads (FASTQ) and CCS BAM LR-RNA | F9: Isoforms structure (GTF) and classifications (TXT) | G9: Not Assessed
A10: AN07 | B10: NeoCLR-ORF translation | C10: LR-RNA | D10: Translate the RNA reads to protein using canonical start-stop codons | E10: SR-RNA raw reads (FASTQ) and CCS BAM LR-RNA | F10: Translated reads ORFs (FASTA) | G10: Not Assessed
A11: AN08 | B11: Fragpipe | C11: IP_MHC1/2 | D11: Identify peptides presented by HLA-I using a patient specific database | E11: Database (From each omic) and IP (.raw for thermo, .d for bruker) | F11: peptides identified (TSV) file pre and after applying canonical filters | G11: Not Assessed
A12: AN09 | B12: Casanovo | C12: IP_MHC1/2 | D12: Identify peptides presented by HLA-I/II using sequencing de novo | E12: IP (mzML) calibrated | F12: peptides identified (TSV) | G12: Not Assessed
A13: AN10 | B13: NeoScore | C13: Predictions | D13: Run Binding Affinity, Elution Ligand and foreigness/dis2self predictions for a given list of antigens | E13: peptides (TSV) | F13: Peptides with predictions (TSV) | G13: Not Assessed
A14: AN11 | B14: HLA Ligand Atlas | C14: Predictions | D14: Filter antigens matching healthy tissues IP data collected in the HLA Ligand Atlas database | E14: peptides (TSV) | F14: filtered peptides (TSV) | G14: Not Assessed
A15: AN12 | B15: HLA Typing | C15: HLA Typing | D15: Type the patient HLA alleles from either SR-RNA, LR-RNA or WES | E15: raw reads (FASTQ/BAM) | F15: HLA calls (CSV/TSV) | G15: Not Assessed
A16: AN13 | G16: Not Assessed
A17: AN14 | G17: Not Assessed
A18: AN15 | G18: Not Assessed
A19: AN16 | G19: Not Assessed
A20: AN17 | G20: Not Assessed
A21: AN18 | G21: Not Assessed
A22: AN19 | G22: Not Assessed
A23: AN20 | G23: Not Assessed
A24: AN21 | G24: Not Assessed
A25: AN22 | G25: Not Assessed
A26: AN23 | G26: Not Assessed
A27: AN24 | G27: Not Assessed
... A33: AN30 | G33: Not Assessed

Sheet Cohort_Summary
A1: COHORT / ANALYSIS COVERAGE SUMMARY
A3: Once samples and analysis statuses are populated, this page summarizes analytical coverage and highlights where QC or execution gaps remain.
A5: Analysis | B5: Complete | C5: In Progress | D5: QC Needed | E5: Failed | F5: Exported | G5: Not Started | H5: Coverage %
A6: =Sample_Matrix!K2 -> AN01 | B6: =COUNTIF(Sample_Matrix!K3:K202,"Complete") -> 0 | C6: =COUNTIF(Sample_Matrix!K3:K202,"In Progress") -> 0 | D6: =COUNTIF(Sample_Matrix!K3:K202,"QC Needed") -> 0 | E6: =COUNTIF(Sample_Matrix!K3:K202,"Failed") -> 0 | F6: =COUNTIF(Sample_Matrix!K3:K202,"Exported") -> 0 | G6: =COUNTIF(Sample_Matrix!K3:K202,"Not Started") -> 0 | H6: =IF(COUNTA(Sample_Matrix!K3:K202)=0,"",B6/COUNTA(Sample_Matrix!K3:K202)) -> 0
A7: =Sample_Matrix!L2 -> AN02 | B7: =COUNTIF(Sample_Matrix!L3:L202,"Complete") -> 0 | C7: =COUNTIF(Sample_Matrix!L3:L202,"In Progress") -> 0 | D7: =COUNTIF(Sample_Matrix!L3:L202,"QC Needed") -> 0 | E7: =COUNTIF(Sample_Matrix!L3:L202,"Failed") -> 0 | F7: =COUNTIF(Sample_Matrix!L3:L202,"Exported") -> 0 | G7: =COUNTIF(Sample_Matrix!L3:L202,"Not Started") -> 0 | H7: =IF(COUNTA(Sample_Matrix!L3:L202)=0,"",B7/COUNTA(Sample_Matrix!L3:L202))
A8: =Sample_Matrix!M2 -> AN03 | B8: =COUNTIF(Sample_Matrix!M3:M202,"Complete") -> 0 | C8: =COUNTIF(Sample_Matrix!M3:M202,"In Progress") -> 0 | D8: =COUNTIF(Sample_Matrix!M3:M202,"QC Needed") -> 0 | E8: =COUNTIF(Sample_Matrix!M3:M202,"Failed") -> 0 | F8: =COUNTIF(Sample_Matrix!M3:M202,"Exported") -> 0 | G8: =COUNTIF(Sample_Matrix!M3:M202,"Not Started") -> 0 | H8: =IF(COUNTA(Sample_Matrix!M3:M202)=0,"",B8/COUNTA(Sample_Matrix!M3:M202))
A9: =Sample_Matrix!N2 -> AN04 | B9: =COUNTIF(Sample_Matrix!N3:N202,"Complete") -> 0 | C9: =COUNTIF(Sample_Matrix!N3:N202,"In Progress") -> 0 | D9: =COUNTIF(Sample_Matrix!N3:N202,"QC Needed") -> 0 | E9: =COUNTIF(Sample_Matrix!N3:N202,"Failed") -> 0 | F9: =COUNTIF(Sample_Matrix!N3:N202,"Exported") -> 0 | G9: =COUNTIF(Sample_Matrix!N3:N202,"Not Started") -> 0 | H9: =IF(COUNTA(Sample_Matrix!N3:N202)=0,"",B9/COUNTA(Sample_Matrix!N3:N202))
A10: =Sample_Matrix!O2 -> AN05 | B10: =COUNTIF(Sample_Matrix!O3:O202,"Complete") -> 0 | C10: =COUNTIF(Sample_Matrix!O3:O202,"In Progress") -> 0 | D10: =COUNTIF(Sample_Matrix!O3:O202,"QC Needed") -> 0 | E10: =COUNTIF(Sample_Matrix!O3:O202,"Failed") -> 0 | F10: =COUNTIF(Sample_Matrix!O3:O202,"Exported") -> 0 | G10: =COUNTIF(Sample_Matrix!O3:O202,"Not Started") -> 0 | H10: =IF(COUNTA(Sample_Matrix!O3:O202)=0,"",B10/COUNTA(Sample_Matrix!O3:O202))
A11: =Sample_Matrix!P2 -> AN06 | B11: =COUNTIF(Sample_Matrix!P3:P202,"Complete") -> 0 | C11: =COUNTIF(Sample_Matrix!P3:P202,"In Progress") -> 0 | D11: =COUNTIF(Sample_Matrix!P3:P202,"QC Needed") -> 0 | E11: =COUNTIF(Sample_Matrix!P3:P202,"Failed") -> 0 | F11: =COUNTIF(Sample_Matrix!P3:P202,"Exported") -> 0 | G11: =COUNTIF(Sample_Matrix!P3:P202,"Not Started") -> 0 | H11: =IF(COUNTA(Sample_Matrix!P3:P202)=0,"",B11/COUNTA(Sample_Matrix!P3:P202))
A12: =Sample_Matrix!Q2 -> AN07 | B12: =COUNTIF(Sample_Matrix!Q3:Q202,"Complete") -> 0 | C12: =COUNTIF(Sample_Matrix!Q3:Q202,"In Progress") -> 0 | D12: =COUNTIF(Sample_Matrix!Q3:Q202,"QC Needed") -> 0 | E12: =COUNTIF(Sample_Matrix!Q3:Q202,"Failed") -> 0 | F12: =COUNTIF(Sample_Matrix!Q3:Q202,"Exported") -> 0 | G12: =COUNTIF(Sample_Matrix!Q3:Q202,"Not Started") -> 0 | H12: =IF(COUNTA(Sample_Matrix!Q3:Q202)=0,"",B12/COUNTA(Sample_Matrix!Q3:Q202))
A13: =Sample_Matrix!R2 -> AN08 | B13: =COUNTIF(Sample_Matrix!R3:R202,"Complete") -> 0 | C13: =COUNTIF(Sample_Matrix!R3:R202,"In Progress") -> 0 | D13: =COUNTIF(Sample_Matrix!R3:R202,"QC Needed") -> 0 | E13: =COUNTIF(Sample_Matrix!R3:R202,"Failed") -> 0 | F13: =COUNTIF(Sample_Matrix!R3:R202,"Exported") -> 0 | G13: =COUNTIF(Sample_Matrix!R3:R202,"Not Started") -> 0 | H13: =IF(COUNTA(Sample_Matrix!R3:R202)=0,"",B13/COUNTA(Sample_Matrix!R3:R202))
A14: =Sample_Matrix!S2 -> AN09 | B14: =COUNTIF(Sample_Matrix!S3:S202,"Complete") -> 0 | C14: =COUNTIF(Sample_Matrix!S3:S202,"In Progress") -> 0 | D14: =COUNTIF(Sample_Matrix!S3:S202,"QC Needed") -> 0 | E14: =COUNTIF(Sample_Matrix!S3:S202,"Failed") -> 0 | F14: =COUNTIF(Sample_Matrix!S3:S202,"Exported") -> 0 | G14: =COUNTIF(Sample_Matrix!S3:S202,"Not Started") -> 0 | H14: =IF(COUNTA(Sample_Matrix!S3:S202)=0,"",B14/COUNTA(Sample_Matrix!S3:S202))
A15: =Sample_Matrix!T2 -> AN10 | B15: =COUNTIF(Sample_Matrix!T3:T202,"Complete") -> 0 | C15: =COUNTIF(Sample_Matrix!T3:T202,"In Progress") -> 0 | D15: =COUNTIF(Sample_Matrix!T3:T202,"QC Needed") -> 0 | E15: =COUNTIF(Sample_Matrix!T3:T202,"Failed") -> 0 | F15: =COUNTIF(Sample_Matrix!T3:T202,"Exported") -> 0 | G15: =COUNTIF(Sample_Matrix!T3:T202,"Not Started") -> 0 | H15: =IF(COUNTA(Sample_Matrix!T3:T202)=0,"",B15/COUNTA(Sample_Matrix!T3:T202))
A16: =Sample_Matrix!U2 -> AN11 | B16: =COUNTIF(Sample_Matrix!U3:U202,"Complete") -> 0 | C16: =COUNTIF(Sample_Matrix!U3:U202,"In Progress") -> 0 | D16: =COUNTIF(Sample_Matrix!U3:U202,"QC Needed") -> 0 | E16: =COUNTIF(Sample_Matrix!U3:U202,"Failed") -> 0 | F16: =COUNTIF(Sample_Matrix!U3:U202,"Exported") -> 0 | G16: =COUNTIF(Sample_Matrix!U3:U202,"Not Started") -> 0 | H16: =IF(COUNTA(Sample_Matrix!U3:U202)=0,"",B16/COUNTA(Sample_Matrix!U3:U202))
A17: =Sample_Matrix!V2 -> AN12 | B17: =COUNTIF(Sample_Matrix!V3:V202,"Complete") -> 0 | C17: =COUNTIF(Sample_Matrix!V3:V202,"In Progress") -> 0 | D17: =COUNTIF(Sample_Matrix!V3:V202,"QC Needed") -> 0 | E17: =COUNTIF(Sample_Matrix!V3:V202,"Failed") -> 0 | F17: =COUNTIF(Sample_Matrix!V3:V202,"Exported") -> 0 | G17: =COUNTIF(Sample_Matrix!V3:V202,"Not Started") -> 0 | H17: =IF(COUNTA(Sample_Matrix!V3:V202)=0,"",B17/COUNTA(Sample_Matrix!V3:V202))
A18: =Sample_Matrix!W2 -> AN13 | B18: =COUNTIF(Sample_Matrix!W3:W202,"Complete") -> 0 | C18: =COUNTIF(Sample_Matrix!W3:W202,"In Progress") -> 0 | D18: =COUNTIF(Sample_Matrix!W3:W202,"QC Needed") -> 0 | E18: =COUNTIF(Sample_Matrix!W3:W202,"Failed") -> 0 | F18: =COUNTIF(Sample_Matrix!W3:W202,"Exported") -> 0 | G18: =COUNTIF(Sample_Matrix!W3:W202,"Not Started") -> 0 | H18: =IF(COUNTA(Sample_Matrix!W3:W202)=0,"",B18/COUNTA(Sample_Matrix!W3:W202))
A19: =Sample_Matrix!X2 -> AN14 | B19: =COUNTIF(Sample_Matrix!X3:X202,"Complete") -> 0 | C19: =COUNTIF(Sample_Matrix!X3:X202,"In Progress") -> 0 | D19: =COUNTIF(Sample_Matrix!X3:X202,"QC Needed") -> 0 | E19: =COUNTIF(Sample_Matrix!X3:X202,"Failed") -> 0 | F19: =COUNTIF(Sample_Matrix!X3:X202,"Exported") -> 0 | G19: =COUNTIF(Sample_Matrix!X3:X202,"Not Started") -> 0 | H19: =IF(COUNTA(Sample_Matrix!X3:X202)=0,"",B19/COUNTA(Sample_Matrix!X3:X202))
A20: =Sample_Matrix!Y2 -> AN15 | B20: =COUNTIF(Sample_Matrix!Y3:Y202,"Complete") -> 0 | C20: =COUNTIF(Sample_Matrix!Y3:Y202,"In Progress") -> 0 | D20: =COUNTIF(Sample_Matrix!Y3:Y202,"QC Needed") -> 0 | E20: =COUNTIF(Sample_Matrix!Y3:Y202,"Failed") -> 0 | F20: =COUNTIF(Sample_Matrix!Y3:Y202,"Exported") -> 0 | G20: =COUNTIF(Sample_Matrix!Y3:Y202,"Not Started") -> 0 | H20: =IF(COUNTA(Sample_Matrix!Y3:Y202)=0,"",B20/COUNTA(Sample_Matrix!Y3:Y202))
A21: =Sample_Matrix!Z2 -> AN16 | B21: =COUNTIF(Sample_Matrix!Z3:Z202,"Complete") -> 0 | C21: =COUNTIF(Sample_Matrix!Z3:Z202,"In Progress") -> 0 | D21: =COUNTIF(Sample_Matrix!Z3:Z202,"QC Needed") -> 0 | E21: =COUNTIF(Sample_Matrix!Z3:Z202,"Failed") -> 0 | F21: =COUNTIF(Sample_Matrix!Z3:Z202,"Exported") -> 0 | G21: =COUNTIF(Sample_Matrix!Z3:Z202,"Not Started") -> 0 | H21: =IF(COUNTA(Sample_Matrix!Z3:Z202)=0,"",B21/COUNTA(Sample_Matrix!Z3:Z202))
A22: =Sample_Matrix!AA2 -> AN17 | B22: =COUNTIF(Sample_Matrix!AA3:AA202,"Complete") -> 0 | C22: =COUNTIF(Sample_Matrix!AA3:AA202,"In Progress") -> 0 | D22: =COUNTIF(Sample_Matrix!AA3:AA202,"QC Needed") -> 0 | E22: =COUNTIF(Sample_Matrix!AA3:AA202,"Failed") -> 0 | F22: =COUNTIF(Sample_Matrix!AA3:AA202,"Exported") -> 0 | G22: =COUNTIF(Sample_Matrix!AA3:AA202,"Not Started") -> 0 | H22: =IF(COUNTA(Sample_Matrix!AA3:AA202)=0,"",B22/COUNTA(Sample_Matrix!AA3:AA202))
A23: =Sample_Matrix!AB2 -> AN18 | B23: =COUNTIF(Sample_Matrix!AB3:AB202,"Complete") -> 0 | C23: =COUNTIF(Sample_Matrix!AB3:AB202,"In Progress") -> 0 | D23: =COUNTIF(Sample_Matrix!AB3:AB202,"QC Needed") -> 0 | E23: =COUNTIF(Sample_Matrix!AB3:AB202,"Failed") -> 0 | F23: =COUNTIF(Sample_Matrix!AB3:AB202,"Exported") -> 0 | G23: =COUNTIF(Sample_Matrix!AB3:AB202,"Not Started") -> 0 | H23: =IF(COUNTA(Sample_Matrix!AB3:AB202)=0,"",B23/COUNTA(Sample_Matrix!AB3:AB202))
A24: =Sample_Matrix!AC2 -> AN19 | B24: =COUNTIF(Sample_Matrix!AC3:AC202,"Complete") -> 0 | C24: =COUNTIF(Sample_Matrix!AC3:AC202,"In Progress") -> 0 | D24: =COUNTIF(Sample_Matrix!AC3:AC202,"QC Needed") -> 0 | E24: =COUNTIF(Sample_Matrix!AC3:AC202,"Failed") -> 0 | F24: =COUNTIF(Sample_Matrix!AC3:AC202,"Exported") -> 0 | G24: =COUNTIF(Sample_Matrix!AC3:AC202,"Not Started") -> 0 | H24: =IF(COUNTA(Sample_Matrix!AC3:AC202)=0,"",B24/COUNTA(Sample_Matrix!AC3:AC202))
A25: =Sample_Matrix!AD2 -> AN20 | B25: =COUNTIF(Sample_Matrix!AD3:AD202,"Complete") -> 0 | C25: =COUNTIF(Sample_Matrix!AD3:AD202,"In Progress") -> 0 | D25: =COUNTIF(Sample_Matrix!AD3:AD202,"QC Needed") -> 0 | E25: =COUNTIF(Sample_Matrix!AD3:AD202,"Failed") -> 0 | F25: =COUNTIF(Sample_Matrix!AD3:AD202,"Exported") -> 0 | G25: =COUNTIF(Sample_Matrix!AD3:AD202,"Not Started") -> 0 | H25: =IF(COUNTA(Sample_Matrix!AD3:AD202)=0,"",B25/COUNTA(Sample_Matrix!AD3:AD202))
A26: =Sample_Matrix!AE2 -> AN21 | B26: =COUNTIF(Sample_Matrix!AE3:AE202,"Complete") -> 0 | C26: =COUNTIF(Sample_Matrix!AE3:AE202,"In Progress") -> 0 | D26: =COUNTIF(Sample_Matrix!AE3:AE202,"QC Needed") -> 0 | E26: =COUNTIF(Sample_Matrix!AE3:AE202,"Failed") -> 0 | F26: =COUNTIF(Sample_Matrix!AE3:AE202,"Exported") -> 0 | G26: =COUNTIF(Sample_Matrix!AE3:AE202,"Not Started") -> 0 | H26: =IF(COUNTA(Sample_Matrix!AE3:AE202)=0,"",B26/COUNTA(Sample_Matrix!AE3:AE202))
A27: =Sample_Matrix!AF2 -> AN22 | B27: =COUNTIF(Sample_Matrix!AF3:AF202,"Complete") -> 0 | C27: =COUNTIF(Sample_Matrix!AF3:AF202,"In Progress") -> 0 | D27: =COUNTIF(Sample_Matrix!AF3:AF202,"QC Needed") -> 0 | E27: =COUNTIF(Sample_Matrix!AF3:AF202,"Failed") -> 0 | F27: =COUNTIF(Sample_Matrix!AF3:AF202,"Exported") -> 0 | G27: =COUNTIF(Sample_Matrix!AF3:AF202,"Not Started") -> 0 | H27: =IF(COUNTA(Sample_Matrix!AF3:AF202)=0,"",B27/COUNTA(Sample_Matrix!AF3:AF202))
A28: =Sample_Matrix!AG2 -> AN23 | B28: =COUNTIF(Sample_Matrix!AG3:AG202,"Complete") -> 0 | C28: =COUNTIF(Sample_Matrix!AG3:AG202,"In Progress") -> 0 | D28: =COUNTIF(Sample_Matrix!AG3:AG202,"QC Needed") -> 0 | E28: =COUNTIF(Sample_Matrix!AG3:AG202,"Failed") -> 0 | F28: =COUNTIF(Sample_Matrix!AG3:AG202,"Exported") -> 0 | G28: =COUNTIF(Sample_Matrix!AG3:AG202,"Not Started") -> 0 | H28: =IF(COUNTA(Sample_Matrix!AG3:AG202)=0,"",B28/COUNTA(Sample_Matrix!AG3:AG202))
A29: =Sample_Matrix!AH2 -> AN24 | B29: =COUNTIF(Sample_Matrix!AH3:AH202,"Complete") -> 0 | C29: =COUNTIF(Sample_Matrix!AH3:AH202,"In Progress") -> 0 | D29: =COUNTIF(Sample_Matrix!AH3:AH202,"QC Needed") -> 0 | E29: =COUNTIF(Sample_Matrix!AH3:AH202,"Failed") -> 0 | F29: =COUNTIF(Sample_Matrix!AH3:AH202,"Exported") -> 0 | G29: =COUNTIF(Sample_Matrix!AH3:AH202,"Not Started") -> 0 | H29: =IF(COUNTA(Sample_Matrix!AH3:AH202)=0,"",B29/COUNTA(Sample_Matrix!AH3:AH202))
A30: =Sample_Matrix!AI2 -> AN25 | B30: =COUNTIF(Sample_Matrix!AI3:AI202,"Complete") -> 0 | C30: =COUNTIF(Sample_Matrix!AI3:AI202,"In Progress") -> 0 | D30: =COUNTIF(Sample_Matrix!AI3:AI202,"QC Needed") -> 0 | E30: =COUNTIF(Sample_Matrix!AI3:AI202,"Failed") -> 0 | F30: =COUNTIF(Sample_Matrix!AI3:AI202,"Exported") -> 0 | G30: =COUNTIF(Sample_Matrix!AI3:AI202,"Not Started") -> 0 | H30: =IF(COUNTA(Sample_Matrix!AI3:AI202)=0,"",B30/COUNTA(Sample_Matrix!AI3:AI202))
A31: =Sample_Matrix!AJ2 -> AN26 | B31: =COUNTIF(Sample_Matrix!AJ3:AJ202,"Complete") -> 0 | C31: =COUNTIF(Sample_Matrix!AJ3:AJ202,"In Progress") -> 0 | D31: =COUNTIF(Sample_Matrix!AJ3:AJ202,"QC Needed") -> 0 | E31: =COUNTIF(Sample_Matrix!AJ3:AJ202,"Failed") -> 0 | F31: =COUNTIF(Sample_Matrix!AJ3:AJ202,"Exported") -> 0 | G31: =COUNTIF(Sample_Matrix!AJ3:AJ202,"Not Started") -> 0 | H31: =IF(COUNTA(Sample_Matrix!AJ3:AJ202)=0,"",B31/COUNTA(Sample_Matrix!AJ3:AJ202))
A32: =Sample_Matrix!AK2 -> AN27 | B32: =COUNTIF(Sample_Matrix!AK3:AK202,"Complete") -> 0 | C32: =COUNTIF(Sample_Matrix!AK3:AK202,"In Progress") -> 0 | D32: =COUNTIF(Sample_Matrix!AK3:AK202,"QC Needed") -> 0 | E32: =COUNTIF(Sample_Matrix!AK3:AK202,"Failed") -> 0 | F32: =COUNTIF(Sample_Matrix!AK3:AK202,"Exported") -> 0 | G32: =COUNTIF(Sample_Matrix!AK3:AK202,"Not Started") -> 0 | H32: =IF(COUNTA(Sample_Matrix!AK3:AK202)=0,"",B32/COUNTA(Sample_Matrix!AK3:AK202))
A33: =Sample_Matrix!AL2 -> AN28 | B33: =COUNTIF(Sample_Matrix!AL3:AL202,"Complete") -> 0 | C33: =COUNTIF(Sample_Matrix!AL3:AL202,"In Progress") -> 0 | D33: =COUNTIF(Sample_Matrix!AL3:AL202,"QC Needed") -> 0 | E33: =COUNTIF(Sample_Matrix!AL3:AL202,"Failed") -> 0 | F33: =COUNTIF(Sample_Matrix!AL3:AL202,"Exported") -> 0 | G33: =COUNTIF(Sample_Matrix!AL3:AL202,"Not Started") -> 0 | H33: =IF(COUNTA(Sample_Matrix!AL3:AL202)=0,"",B33/COUNTA(Sample_Matrix!AL3:AL202))
A34: =Sample_Matrix!AM2 -> AN29 | B34: =COUNTIF(Sample_Matrix!AM3:AM202,"Complete") -> 0 | C34: =COUNTIF(Sample_Matrix!AM3:AM202,"In Progress") -> 0 | D34: =COUNTIF(Sample_Matrix!AM3:AM202,"QC Needed") -> 0 | E34: =COUNTIF(Sample_Matrix!AM3:AM202,"Failed") -> 0 | F34: =COUNTIF(Sample_Matrix!AM3:AM202,"Exported") -> 0 | G34: =COUNTIF(Sample_Matrix!AM3:AM202,"Not Started") -> 0 | H34: =IF(COUNTA(Sample_Matrix!AM3:AM202)=0,"",B34/COUNTA(Sample_Matrix!AM3:AM202))
A35: =Sample_Matrix!AN2 -> AN30 | B35: =COUNTIF(Sample_Matrix!AN3:AN202,"Complete") -> 0 | C35: =COUNTIF(Sample_Matrix!AN3:AN202,"In Progress") -> 0 | D35: =COUNTIF(Sample_Matrix!AN3:AN202,"QC Needed") -> 0 | E35: =COUNTIF(Sample_Matrix!AN3:AN202,"Failed") -> 0 | F35: =COUNTIF(Sample_Matrix!AN3:AN202,"Exported") -> 0 | G35: =COUNTIF(Sample_Matrix!AN3:AN202,"Not Started") -> 0 | H35: =IF(COUNTA(Sample_Matrix!AN3:AN202)=0,"",B35/COUNTA(Sample_Matrix!AN3:AN202))

Sheet Status_Definitions
A1: CONTROLLED STATUS DEFINITIONS
A3: Status | B3: Meaning | C3: Default interpretation
A4: Not Started | B4: No usable result has been generated. | C4: Do not count as completed.
A5: In Progress | B5: Analysis has started but final output is not available. | C5: Potentially recoverable work.
A6: Complete | B6: Expected result exists and has been checked at the stated level. | C6: Available for thesis planning.
A7: QC Needed | B7: Output exists but requires validation/review. | C7: Do not treat as final evidence yet.
A8: Failed | B8: Execution failed or output is unusable. | C8: Requires troubleshooting or replacement.
A9: N/A | B9: Analysis does not apply to the sample. | C9: Exclude from coverage denominator when appropriate.
A10: Exported | B10: Result has been transferred into the working project and is available for downstream work. | C10: Verify provenance before use.
A11: Available | B11: The data is available for that omic and sample | C11: Check the analysis status
A12: Not Available | B12: The data is not available for that omic and sample | C12: Exclude from coverage denominator when appropriate.
A15: ANALYSIS OMICS DEFINITIONS
A17: LR-RNA | B17: Long read RNA sequencing from PacBio
A18: SR-RNA | B18: Short read RNA sequencing from Illumina
A19: LR-WGS | B19: Long read Whole Genome Sequencing from Pacbio
A20: SR-WGS | B20: Short read Whole Genome Sequencing from Illumina
A21: WES | B21: Whole Exome Sequencing
A22: IP_MHC1 | B22: Immunopeptidomics through W632 antibody targetting HLA-I elution with Data Dependent Acquisition method.
A23: IP_MHC2 | B23: Immunopeptidomics through CR343 antibody targetting HLA-II elution with Data Dependent Acquisition method.
